Entry ID,DOI,PDB ID,Structure Title,Stucture Keywords,Source Organism,Gene Name,Macromolecule Name
3A1F,?,3A1F,The crystal structure of NADPH binding domain of gp91(phox),OXIDOREDUCTASE,Homo sapiens,CYBB,Cytochrome b-245 heavy chain
?,?,?,?,?,?,NOX2,?
3AVS,10.1101/gad.172296.111,3AVS,"Catalytic fragment of UTX/KDM6A bound with N-oxyalylglycine, and Ni(II)",OXIDOREDUCTASE,Homo sapiens,KDM6A,Lysine-specific demethylase 6A
?,?,?,?,?,?,UTX,?
?,?,?,?,?,?,KDM6A,?
?,?,?,?,?,?,UTX,?
3UYJ,?,3UYJ,Crystal structure of JMJD5 catalytic core domain in complex with nickle and alpha-KG,OXIDOREDUCTASE,Homo sapiens,JMJD5,Lysine-specific demethylase 8
?,?,?,?,?,?,KDM8,?
?,?,?,?,?,?,KDM8,?
?,?,?,?,?,?,JMJD5,?
3VCL,10.4049/jimmunol.1102675,3VCL,Crystal Structure of HLA-B7 with the HCMV pp65 peptide RPHERNGFTVL,IMMUNE SYSTEM,Homo sapiens,HLA-B,"HLA class I histocompatibility antigen, B-7 alpha chain"
?,?,?,?,?,?,HLA-B,?
?,?,?,?,?,?,HLAB,?
?,?,?,?,?,Homo sapiens,B2M,Beta-2-microglobulin
?,?,?,?,?,?,B2M,?
?,?,?,?,?,?,CDABP0092,?
?,?,?,?,?,?,HDCMA22P,?
3VJA,10.1074/jbc.M112.351254,3VJA,Crystal structure of the human squalene synthase,TRANSFERASE,Homo sapiens,FDFT1,Squalene synthase
?,?,?,?,?,?,FDFT1,?
3VJ9,10.1074/jbc.M112.351254,3VJ9,Crystal structure of the human squalene synthase,TRANSFERASE,Homo sapiens,FDFT1,Squalene synthase
?,?,?,?,?,?,FDFT1,?
4BA9,?,4BA9,The structural basis for the coordination of Y-family Translesion DNA Polymerases by Rev1,TRANSFERASE,Homo sapiens,POLK,"DNA POLYMERASE KAPPA, DNA REPAIR PROTEIN REV1"
?,?,?,?,?,Homo sapiens,POLK,?
4CXY,10.1039/c4sc02554g,4CXY,Crystal structure of human FTO in complex with acylhydrazine inhibitor 21,OXIDOREDUCTASE,Homo sapiens,FTO,ALPHA-KETOGLUTARATE-DEPENDENT DIOXYGENASE FTO
?,?,?,?,?,?,KIAA1752,?
3MS5,10.1016/j.chembiol.2010.09.016,3MS5,"Crystal Structure of Human gamma-butyrobetaine,2-oxoglutarate dioxygenase 1 (BBOX1)",OXIDOREDUCTASE,Homo sapiens,BBH,Gamma-butyrobetaine dioxygenase
?,?,?,?,?,?,BBOX,?
?,?,?,?,?,?,BBOX1,?
?,?,?,?,?,?,BBOX1,?
?,?,?,?,?,?,BBH,?
?,?,?,?,?,?,BBOX,?
3NV1,10.1074/jbc.M110.163402,3NV1,Crystal structure of human galectin-9 C-terminal CRD,SUGAR BINDING PROTEIN,Homo sapiens,LGALS9,Galectin 9 short isoform variant
4GSV,10.1021/bi301145n,4GSV,Crystal Structure of the Ni2+2-Human Arginase I-ABH complex,HYDROLASE/HYDROLASE INHIBITOR,Homo sapiens,ARG1,Arginase-1
?,?,?,?,?,?,ARG1,?
3TLP,10.1016/j.cell.2012.02.013,3TLP,Crystal structure of the fourth bromodomain of human poly-bromodomain containing protein 1 (PB1),TRANSCRIPTION,Homo sapiens,BAF180,Protein polybromo-1
?,?,?,?,?,?,PB1,?
?,?,?,?,?,?,PBRM1,?
?,?,?,?,?,?,PBRM1,?
?,?,?,?,?,?,BAF180,?
?,?,?,?,?,?,PB1,?
4DIQ,?,4DIQ,Crystal Structure of human NO66,OXIDOREDUCTASE,Homo sapiens,NO66,Lysine-specific demethylase NO66
?,?,?,?,?,?,C14orf169,?
?,?,?,?,?,?,RIOX1,?
?,?,?,?,?,?,C14orf169,?
?,?,?,?,?,?,MAPJD,?
?,?,?,?,?,?,NO66,?
4KGA,10.1038/srep35385,4KGA,Crystal structure of kallikrein-related peptidase 4,HYDROLASE,Homo sapiens,KLK4,Kallikrein-4
?,?,?,?,?,?,KLK4,?
?,?,?,?,?,?,EMSP1,?
?,?,?,?,?,?,PRSS17,?
?,?,?,?,?,?,PSTS,?
4KNG,10.1101/gad.219915.113,4KNG,Crystal structure of human LGR5-RSPO1-RNF43,"Signaling Protein, Membrane Protein",Homo sapiens,LGR5,Leucine-rich repeat-containing G-protein coupled receptor 5
?,?,?,?,?,?,GPR49,?
?,?,?,?,?,?,GPR67,?
?,?,?,?,?,?,LGR5,?
?,?,?,?,?,?,GPR49,?
?,?,?,?,?,?,GPR67,?
?,?,?,?,?,Homo sapiens,RSPO1,R-spondin-1
?,?,?,?,?,?,RSPO1,?
?,?,?,?,?,Homo sapiens,RNF43,E3 ubiquitin-protein ligase RNF43
?,?,?,?,?,?,RNF43,?
?,?,?,?,?,Homo sapiens,?,?
?,?,?,?,?,Homo sapiens,?,?
4MSE,10.1177/1087057113516493,4MSE,"Crystal structure of PDE10A2 with fragment ZT1597 (2-({[(2S)-2-methyl-2,3-dihydro-1,3-benzothiazol-5-yl]oxy}methyl)quinoline)",HYDROLASE/HYDROLASE INHIBITOR,Homo sapiens,PDE10A,"cAMP and cAMP-inhibited cGMP 3',5'-cyclic phosphodiesterase 10A"
?,?,?,?,?,?,PDE10A,?
4O6F,10.1016/j.jmb.2014.02.019,4O6F,Structural Basis of Estrogen Receptor Alpha Methylation Mediated by Histone Methyltransferase SmyD2,TRANSFERASE,Homo sapiens,KMT3C,N-lysine methyltransferase SMYD2
?,?,?,?,?,?,SMYD2,?
?,?,?,?,?,?,SMYD2,?
?,?,?,?,?,?,KMT3C,?
?,?,?,?,?,Homo sapiens,ESR1,Estrogen receptor
?,?,?,?,?,?,ESR,?
?,?,?,?,?,?,NR3A1,?
3DVE,10.1016/j.str.2008.07.010,3DVE,Crystal Structure of Ca2+/CaM-CaV2.2 IQ domain complex,MEMBRANE PROTEIN,Homo sapiens,CALM1,Calmodulin
?,?,?,?,?,?,CALM,?
?,?,?,?,?,?,CAM,?
?,?,?,?,?,?,CAM1,?
?,?,?,?,?,?,CALM2,?
?,?,?,?,?,?,CAM2,?
?,?,?,?,?,?,CAMB,?
?,?,?,?,?,?,CALM3,?
?,?,?,?,?,?,CALML2,?
?,?,?,?,?,?,CAM3,?
?,?,?,?,?,?,CAMC,?
?,?,?,?,?,?,CAMIII,?
?,?,?,?,?,?,CALM1,?
?,?,?,?,?,?,CALM,?
?,?,?,?,?,?,CAM,?
?,?,?,?,?,?,CAM1,?
?,?,?,?,?,?,CACH5,?
?,?,?,?,?,?,CACNL1A5,?
?,?,?,?,?,?,CACNA1B,?
?,?,?,?,?,?,CACH5,?
?,?,?,?,?,?,CACNL1A5,?
3RDH,10.1073/pnas.1100012108,3RDH,X-ray induced covalent inhibition of 14-3-3,SIGNALING PROTEIN/INHIBITOR,Homo sapiens,YWHAZ,14-3-3 protein zeta/delta
?,?,?,?,?,?,YWHAZ,?
3S0K,10.1016/j.str.2011.09.011,3S0K,Crystal Structure of Human Glycolipid Transfer Protein complexed with glucosylceramide containing oleoyl acyl chain (18:1),LIPID TRANSPORT,Homo sapiens,GLTP,Glycolipid transfer protein
?,?,?,?,?,?,GLTP,?
2XXZ,?,2XXZ,Crystal structure of the human JMJD3 jumonji domain,OXIDOREDUCTASE,Homo sapiens,KDM6B,LYSINE-SPECIFIC DEMETHYLASE 6B
?,?,?,?,?,?,JMJD3,?
?,?,?,?,?,?,KIAA0346,?
3K2O,10.1016/j.jmb.2010.05.054,3K2O,Structure of an oxygenase,OXIDOREDUCTASE,Homo sapiens,JMJD6,Bifunctional arginine demethylase and lysyl-hydroxylase JMJD6
?,?,?,?,?,?,KIAA0585,?
?,?,?,?,?,?,PTDSR,?
?,?,?,?,?,?,JMJD6,?
?,?,?,?,?,?,KIAA0585,?
?,?,?,?,?,?,PSR,?
?,?,?,?,?,?,PTDSR,?
2WQM,10.1016/j.molcel.2009.09.038,2WQM,Structure of apo human Nek7,TRANSFERASE,Homo sapiens,NEK7,SERINE/THREONINE-PROTEIN KINASE NEK7
2XDV,10.1038/nature13263,2XDV,Crystal Structure of the Catalytic Domain of FLJ14393,NUCLEAR PROTEIN,Homo sapiens,RIOX2,MYC-INDUCED NUCLEAR ANTIGEN
?,?,?,?,?,?,MDIG,?
?,?,?,?,?,?,MINA,?
?,?,?,?,?,?,MINA53,?
?,?,?,?,?,?,NO52,?
2XIO,?,2XIO,Structure of putative deoxyribonuclease TATDN1 isoform a,HYDROLASE,Homo sapiens,TATDN1,PUTATIVE DEOXYRIBONUCLEASE TATDN1
?,?,?,?,?,?,CDA11,?
2Y1H,?,2Y1H,Crystal structure of the human TatD-domain protein 3 (TATDN3),HYDROLASE,Homo sapiens,TATDN3,PUTATIVE DEOXYRIBONUCLEASE TATDN3
3GC8,10.1107/S090744490901600X,3GC8,The structure of p38beta C162S in complex with a dihydroquinazolinone,TRANSFERASE,Homo sapiens,MAPK11,Mitogen-activated protein kinase 11
?,?,?,?,?,?,PRKM11,?
?,?,?,?,?,?,SAPK2,?
?,?,?,?,?,?,MAPK11,?
?,?,?,?,?,?,PRKM11,?
?,?,?,?,?,?,SAPK2,?
?,?,?,?,?,?,SAPK2B,?
3HXT,10.1158/0008-5472.CAN-09-1927,3HXT,Structure of human MTHFS,LIGASE,Homo sapiens,MTHFS,5-formyltetrahydrofolate cyclo-ligase
?,?,?,?,?,?,MTHFS,?
3HY3,10.1158/0008-5472.CAN-09-1927,3HY3,Structure of human MTHFS with 10-formyltetrahydrofolate,LIGASE,Homo sapiens,MTHFS,5-formyltetrahydrofolate cyclo-ligase
?,?,?,?,?,?,MTHFS,?
3D34,10.1038/emboj.2008.288,3D34,Structure of the F-spondin domain of mindin,IMMUNE SYSTEM,Homo sapiens,SPON2,Spondin-2
?,?,?,?,?,?,DIL1,?
?,?,?,?,?,?,SPON2,?
?,?,?,?,?,?,DIL1,?
?,?,?,?,?,?,UNQ435/PRO866,?
3QKG,10.1042/BJ20120448,3QKG,Crystal structure of alpha-1-microglobulin at 2.3 A resolution,IMMUNE SYSTEM,Homo sapiens,AMBP,Protein AMBP
?,?,?,?,?,?,HCP,?
?,?,?,?,?,?,ITIL,?
?,?,?,?,?,?,AMBP,?
?,?,?,?,?,?,HCP,?
?,?,?,?,?,?,ITIL,?
3QM4,10.1074/jbc.M111.307918,3QM4,Human Cytochrome P450 (CYP) 2D6 - Prinomastat Complex,OXIDOREDUCTASE/OXIDOREDUCTASE INHIBITOR,Homo sapiens,CYP2D6,Cytochrome P450 2D6
?,?,?,?,?,?,CYP2DL1,?
?,?,?,?,?,?,CYP2D6,?
?,?,?,?,?,?,CYP2DL1,?
3ESK,10.1074/jbc.M109.033894,3ESK,Structure of HOP TPR2A domain in complex with the non-cognate Hsc70 peptide ligand,CHAPERONE,Homo sapiens,STIP1,Stress-induced-phosphoprotein 1
?,?,?,?,?,?,STIP1,?
?,?,?,?,?,Homo sapiens,HSPA8,Heat shock cognate 71 kDa protein
?,?,?,?,?,?,HSC70,?
?,?,?,?,?,?,HSP73,?
?,?,?,?,?,?,HSPA10,?
3EXX,?,3EXX,Structure of the T6 human insulin derivative with nickel at 1.35 A resolution,HORMONE,Homo sapiens,INS,Insulin B chain
?,?,?,?,?,Homo sapiens,INS,Insulin A chain
?,?,?,?,?,Homo sapiens,CCL3,C-C motif chemokine 3
?,?,?,?,?,?,G0S19-1,?
?,?,?,?,?,?,MIP1A,?
?,?,?,?,?,?,SCYA3,?
3FWV,10.1002/pro.75,3FWV,"Crystal Structure of a Redesigned TPR Protein, T-MOD(VMY), in Complex with MEEVF Peptide",CHAPERONE,Homo sapiens,STIP1,Hsc70/Hsp90-organizing protein
?,?,?,?,?,?,STIP1,?
?,?,?,?,?,?,?,Heat shock protein HSP 90-beta
5APA,10.1038/s41467-019-12711-7,5APA,Crystal structure of human aspartate beta-hydroxylase isoform a,OXIDOREDUCTASE,Homo sapiens,ASPH,ASPARTYL/ASPARAGINYL BETA-HYDROXYLASE
?,?,?,?,?,?,BAH,?
5C4V,10.1038/srep46370,5C4V,Ski-like protein,SIGNALING PROTEIN,Homo sapiens,SMAD4,Mothers against decapentaplegic homolog 4
?,?,?,?,?,?,DPC4,?
?,?,?,?,?,?,MADH4,?
?,?,?,?,?,?,SMAD4,?
?,?,?,?,?,?,DPC4,?
?,?,?,?,?,?,MADH4,?
?,?,?,?,?,Homo sapiens,SKIL,Ski-like protein
?,?,?,?,?,?,SNO,?
?,?,?,?,?,?,SKIL,?
?,?,?,?,?,?,SNO,?
5BUE,10.1016/j.bmcl.2015.06.063,5BUE,ERK2 complexed with N-benzylpyridone tetrahydroazaindazole,Transferase/Transferase inhibitor,Homo sapiens,MAPK1,Mitogen-activated protein kinase 1
?,?,?,?,?,?,ERK2,?
?,?,?,?,?,?,PRKM1,?
?,?,?,?,?,?,PRKM2,?
?,?,?,?,?,?,MAPK1,?
?,?,?,?,?,?,ERK2,?
?,?,?,?,?,?,PRKM1,?
?,?,?,?,?,?,PRKM2,?
5BUI,10.1016/j.bmcl.2015.06.063,5BUI,ERK2 complexed with 2-pyridiyl tetrahydroazaindazole,Transferase/Transferase inhibitor,Homo sapiens,MAPK1,Mitogen-activated protein kinase 1
?,?,?,?,?,?,ERK2,?
?,?,?,?,?,?,PRKM1,?
?,?,?,?,?,?,PRKM2,?
4M76,10.1073/pnas.1311261110,4M76,Integrin I domain of complement receptor 3 in complex with C3d,CELL ADHESION,Homo sapiens,C3,Complement C3
?,?,?,?,?,?,CPAMD1,?
?,?,?,?,?,?,C3,?
?,?,?,?,?,?,CPAMD1,?
?,?,?,?,?,Homo sapiens,CD11B,Integrin alpha-M
?,?,?,?,?,?,CR3A,?
?,?,?,?,?,?,ITGAM,?
?,?,?,?,?,?,ITGAM,?
?,?,?,?,?,?,CD11B,?
?,?,?,?,?,?,CR3A,?
4M6O,10.1002/prot.24554,4M6O,Crystal structure of anti-NGF antibody CNTO7309,IMMUNE SYSTEM,Homo sapiens,?,CNTO7309 light chain
?,?,?,?,?,Homo sapiens,?,CNTO7309 heavy chain
5DOU,10.1038/srep16950,5DOU,"Crystal Structure of Human Carbamoyl phosphate synthetase I (CPS1), ligand-bound form",LIGASE,Homo sapiens,CPS1,"Carbamoyl-phosphate synthase [ammonia], mitochondrial"
?,?,?,?,?,?,CPS1,?
4PQW,10.1016/j.bbrc.2014.03.028,4PQW,Crystal Structure of Phospholipase C beta 3 in Complex with PDZ1 of NHERF1,PROTEIN BINDING,Homo sapiens,NHERF,Na(+)/H(+) exchange regulatory cofactor NHE-RF1
?,?,?,?,?,?,NHERF1,?
?,?,?,?,?,?,SLC9A3R1,?
?,?,?,?,?,?,SLC9A3R1,?
?,?,?,?,?,?,NHERF,?
?,?,?,?,?,?,NHERF1,?
3ONI,10.1038/nature09504,3ONI,Crystal Structure of the second bromodomain of human BRD2 in complex with the inhibitor JQ1,CELL CYCLE,Homo sapiens,BRD2,"Bromodomain containing 2, isoform CRA_a"
?,?,?,?,?,?,DKFZp313H139,?
?,?,?,?,?,?,hCG_17503,?
?,?,?,?,?,?,BRD2,?
?,?,?,?,?,?,KIAA9001,?
?,?,?,?,?,?,RING3,?
3OP0,?,3OP0,Crystal structure of Cbl-c (Cbl-3) TKB domain in complex with EGFR pY1069 peptide,SIGNALING PROTEIN/SIGNALING PROTEIN REGULATOR,Homo sapiens,CBL3,Signal transduction protein CBL-C
?,?,?,?,?,?,CBLC,?
?,?,?,?,?,?,RNF57,?
?,?,?,?,?,?,CBLC,?
?,?,?,?,?,?,CBL3,?
?,?,?,?,?,?,RNF57,?
?,?,?,?,?,Homo sapiens,EGFR,Epidermal growth factor receptor
?,?,?,?,?,?,ERBB,?
?,?,?,?,?,?,ERBB1,?
?,?,?,?,?,?,HER1,?
2VUW,10.1073/pnas.0901989106,2VUW,Structure of human haspin kinase domain,TRANSFERASE,Homo sapiens,HASPIN,SERINE/THREONINE-PROTEIN KINASE HASPIN
?,?,?,?,?,?,GSG2,?
5D27,10.1016/j.str.2016.02.022,5D27,Crystal Structure of the P-Rex1 PH domain,LIPID BINDING PROTEIN,Homo sapiens,PREX1,"Phosphatidylinositol 3,4,5-trisphosphate-dependent Rac exchanger 1 protein"
?,?,?,?,?,?,KIAA1415,?
?,?,?,?,?,?,PREX1,?
?,?,?,?,?,?,KIAA1415,?
5D3P,10.1021/acs.jmedchem.5b01267,5D3P,First bromodomain of BRD4 bound to inhibitor XD41,TRANSCRIPTION,Homo sapiens,BRD4,Bromodomain-containing protein 4
?,?,?,?,?,?,HUNK1,?
?,?,?,?,?,?,BRD4,?
?,?,?,?,?,?,HUNK1,?
4Z8G,10.1038/ncomms9314,4Z8G,Chimera of Tropomodulin-1 and Leiomodin-1 Actin-Binding Site 2 (TL1 ABS2),PROTEIN BINDING,Homo sapiens,TMOD1,"Tropomodulin-1, Leiomodin-1 chimera (TP1 ABS2)"
?,?,?,?,?,?,D9S57E,?
?,?,?,?,?,?,TMOD,?
?,?,?,?,?,Homo sapiens,LMOD1,?
4ZMV,10.1016/j.str.2016.07.002,4ZMV,Crystal structure of human P-cadherin (ss-X-dimer pocket I),CELL ADHESION,Homo sapiens,CDH3,Cadherin-3
?,?,?,?,?,?,CDHP,?
?,?,?,?,?,?,CDH3,?
?,?,?,?,?,?,CDHP,?
4Y5U,10.1073/pnas.1611228113,4Y5U,Transcription factor,TRANSCRIPTION,Homo sapiens,STAT6,Signal transducer and activator of transcription 6
?,?,?,?,?,?,STAT6,?
4YPG,10.1074/jbc.M115.652156,4YPG,Structural Insights Into the Neutralization Properties of a Human Anti-Interferon Monoclonal Antibody,IMMUNE SYSTEM,Homo sapiens,IGK@,Sifalimumab light chain
?,?,?,?,?,Homo sapiens,?,Sifalimumab heavy chain
?,?,?,?,?,Homo sapiens,IFNA2,Interferon alpha-2
?,?,?,?,?,?,IFNA2A,?
?,?,?,?,?,?,IFNA2B,?
?,?,?,?,?,?,IFNA2C,?
?,?,?,?,?,?,IFNA2,?
?,?,?,?,?,?,IFNA2A,?
?,?,?,?,?,?,IFNA2B,?
?,?,?,?,?,?,IFNA2C,?
5FPV,10.1038/nchembio.2087,5FPV,Crystal structure of human JMJD2A in complex with compound KDOAM20A,OXIDOREDUCTASE,Homo sapiens,KDM4A,LYSINE-SPECIFIC DEMETHYLASE 4A
?,?,?,?,?,?,JHDM3A,?
?,?,?,?,?,?,JMJD2,?
?,?,?,?,?,?,JMJD2A,?
?,?,?,?,?,?,KIAA0677,?
5FM8,10.1016/j.str.2016.11.015,5FM8,Structure of the C-terminally extended domain My4 of human myomesin (space group P65),STRUCTURAL PROTEIN,Homo sapiens,MYOM1,MYOMESIN-1
5LTW,10.1016/j.str.2016.12.005,5LTW,Complex of human 14-3-3 sigma CLU1 mutant with phosphorylated heat shock protein B6,PROTEIN BINDING,Homo sapiens,HSPB6,Heat shock protein beta-6
?,?,?,?,?,?,HSPB6,?
?,?,?,?,?,Homo sapiens,SFN,14-3-3 protein sigma
?,?,?,?,?,?,HME1,?
?,?,?,?,?,?,SFN,?
?,?,?,?,?,?,HME1,?
5MLE,10.1038/s41467-017-02811-7,5MLE,Crystal Structure of Human Dihydropyrimidinease-like 2 (DPYSL2A)/Collapsin Response Mediator Protein (CRMP2 13-516) Mutant Y479E/Y499E,HYDROLASE,Homo sapiens,DPYSL2,Dihydropyrimidinase-related protein 2
?,?,?,?,?,?,CRMP2,?
?,?,?,?,?,?,ULIP2,?
?,?,?,?,?,?,DPYSL2,?
?,?,?,?,?,?,CRMP2,?
?,?,?,?,?,?,ULIP2,?
3I2B,?,3I2B,The crystal structure of human 6 Pyruvoyl Tetrahydrobiopterin Synthase,LYASE,Homo sapiens,PTS,6-pyruvoyl tetrahydrobiopterin synthase
?,?,?,?,?,?,PTS,?
2QNK,?,2QNK,"Crystal structure of human 3-hydroxyanthranilate 3,4-dioxygenase",OXIDOREDUCTASE,Homo sapiens,HAAO,"3-hydroxyanthranilate 3,4-dioxygenase"
?,?,?,?,?,?,HAAO,?
2QQH,10.1126/science.1147103,2QQH,Structure of C8a-MACPF reveals mechanism of membrane attack in complement immune defense,"IMMUNE SYSTEM, MEMBRANE PROTEIN",Homo sapiens,C8A,Complement component C8 alpha chain
?,?,?,?,?,Homo sapiens,C8A,?
2R36,10.1016/j.ijbiomac.2008.09.019,2R36,Crystal structure of ni human ARG-insulin,HORMONE,Homo sapiens,INS,Insulin
?,?,?,?,?,Homo sapiens,INS,Insulin
2OK3,?,2OK3,X-ray structure of human cyclophilin J at 2.0 angstrom,ISOMERASE,Homo sapiens,PPIL3b,Peptidyl-prolyl cis-trans isomerase-like 3
?,?,?,?,?,?,PPIL3,?
2PW8,10.1021/ja0735002,2PW8,Crystal structure of sulfo-hirudin complexed to thrombin,HYDROLASE,Homo sapiens,F2,Thrombin light chain
?,?,?,?,?,Homo sapiens,F2,Thrombin heavy chain
1E0O,10.1038/35039551,1E0O,CRYSTAL STRUCTURE OF A TERNARY FGF1-FGFR2-HEPARIN COMPLEX,GROWTH FACTOR,Homo sapiens,FGF1,FIBROBLAST GROWTH FACTOR 1
?,?,?,?,?,?,FGFA,?
?,?,?,?,?,Homo sapiens,FGFR2,FIBROBLAST GROWTH FACTOR RECEPTOR 2
?,?,?,?,?,?,BEK,?
?,?,?,?,?,?,KGFR,?
?,?,?,?,?,?,KSAM,?
1.00E+42,10.1093/emboj/19.16.4216,1.00E+42,"Beta2-adaptin appendage domain, from clathrin adaptor AP2",ENDOCYTOSIS,Homo sapiens,AP2B1,AP-2 COMPLEX SUBUNIT BETA
?,?,?,?,?,?,ADTB2,?
?,?,?,?,?,?,CLAPB1,?
1ELW,10.1016/S0092-8674(00)80830-2,1ELW,Crystal structure of the TPR1 domain of HOP in complex with a HSC70 peptide,CHAPERONE,Homo sapiens,STIP1,TPR1-DOMAIN OF HOP
?,?,?,?,?,?,?,HSC70-PEPTIDE
1ELR,10.1016/S0092-8674(00)80830-2,1ELR,Crystal structure of the TPR2A domain of HOP in complex with the HSP90 peptide MEEVD,CHAPERONE,Homo sapiens,STIP1,TPR2A-DOMAIN OF HOP
?,?,?,?,?,?,?,HSP90-PEPTIDE MEEVD
2NQC,10.1016/j.jmb.2007.02.018,2NQC,Crystal structure of ig-like domain 23 from human filamin C,IMMUNE SYSTEM,Homo sapiens,FLNC,Filamin-C
?,?,?,?,?,?,ABPL,?
?,?,?,?,?,?,FLN2,?
2NZ6,10.1016/j.cell.2008.11.038,2NZ6,Crystal structure of the PTPRJ inactivating mutant C1239S,HYDROLASE,Homo sapiens,PTPRJ,Receptor-type tyrosine-protein phosphatase eta
?,?,?,?,?,?,PTPRJ,?
?,?,?,?,?,?,DEP1,?
4JP9,10.1021/jm4002154,4JP9,Spirocyclic Beta-Site Amyloid Precursor Protein Cleaving Enzyme 1 (BACE1) Inhibitors,HYDROLASE/HYDROLASE INHIBITOR,Homo sapiens,BACE1,Beta-secretase 1
?,?,?,?,?,?,BACE,?
?,?,?,?,?,?,KIAA1149,?
?,?,?,?,?,?,BACE1,?
?,?,?,?,?,?,BACE,?
?,?,?,?,?,?,KIAA1149,?
4JRZ,10.1074/jbc.M113.534628,4JRZ,Human LTC4 synthase in complex with product analogs - implications for enzyme catalysis,LYASE,Homo sapiens,LTC4S,Leukotriene C4 synthase
?,?,?,?,?,?,LTC4S,?
?,?,?,?,?,Homo sapiens,CACNA1C,Voltage-dependent L-type calcium channel subunit alpha-1C
?,?,?,?,?,?,CACH2,?
?,?,?,?,?,?,CACN2,?
?,?,?,?,?,?,CACNL1A1,?
?,?,?,?,?,?,CCHL1A1,?
5W1F,10.1021/jacs.7b01212,5W1F,Crystal structure of Ni(II)- and Ca(II)-bound human calprotectin,METAL BINDING PROTEIN,Homo sapiens,S100A8,Protein S100-A8
?,?,?,?,?,?,CAGA,?
?,?,?,?,?,?,CFAG,?
?,?,?,?,?,?,MRP8,?
?,?,?,?,?,?,S100A8,?
?,?,?,?,?,?,CAGA,?
?,?,?,?,?,?,CFAG,?
?,?,?,?,?,?,MRP8,?
?,?,?,?,?,Homo sapiens,S100A9,Protein S100-A9
?,?,?,?,?,?,CAGB,?
?,?,?,?,?,?,CFAG,?
?,?,?,?,?,?,MRP14,?
?,?,?,?,?,?,S100A9,?
?,?,?,?,?,?,CAGB,?
?,?,?,?,?,?,CFAG,?
?,?,?,?,?,?,MRP14,?
5GZG,10.3390/ijms17122088,5GZG,Galectin-8 N-terminal domain carbohydrate recognition domain,SUGAR BINDING PROTEIN,Homo sapiens,LGALS8,Galectin-8
?,?,?,?,?,?,LGALS8,?
5MX1,10.1016/j.matbio.2017.02.002,5MX1,Crystal structure of human chondroadherin,CELL ADHESION,Homo sapiens,CHAD,Chondroadherin
?,?,?,?,?,?,SLRR4A,?
?,?,?,?,?,?,CHAD,?
?,?,?,?,?,?,SLRR4A,?
5MX0,10.1016/j.matbio.2017.02.002,5MX0,Crystal structure of human fibromodulin,STRUCTURAL PROTEIN,Homo sapiens,FMOD,Fibromodulin
?,?,?,?,?,?,FM,?
?,?,?,?,?,?,SLRR2E,?
?,?,?,?,?,?,FMOD,?
?,?,?,?,?,?,FM,?
?,?,?,?,?,?,SLRR2E,?
3Q2H,10.1016/j.bmcl.2011.01.036,3Q2H,Adamts1 in complex with N-hydroxyformamide inhibitors of ADAM-TS4,HYDROLASE/HYDROLASE INHIBITOR,Homo sapiens,ADAMTS1,A disintegrin and metalloproteinase with thrombospondin motifs 1
?,?,?,?,?,?,ADAMTS1,?
?,?,?,?,?,?,KIAA1346,?
?,?,?,?,?,?,METH1,?
4X3K,10.1016/j.chembiol.2014.11.021,4X3K,Crystal structure of chromobox homolog 7 (CBX7) chromodomain with H3K27me3 peptide,TRANSCRIPTION,Mus musculus,Cbx7,Chromobox protein homolog 7
?,?,?,?,?,?,D15Ertd417e,?
?,?,?,?,?,?,Cbx7,?
?,?,?,?,?,?,D15Ertd417e,?
?,?,?,?,?,Homo sapiens,H3C1,H3K27me3 peptide
?,?,?,?,?,?,H3FA,?
?,?,?,?,?,?,HIST1H3A,?
?,?,?,?,?,?,H3C2,?
?,?,?,?,?,?,H3FL,?
?,?,?,?,?,?,HIST1H3B,?
?,?,?,?,?,?,H3C3,?
?,?,?,?,?,?,H3FC HIST1H3C,?
?,?,?,?,?,?,H3C4,?
?,?,?,?,?,?,H3FB,?
?,?,?,?,?,?,HIST1H3D,?
?,?,?,?,?,?,H3C6,?
?,?,?,?,?,?,H3FD,?
?,?,?,?,?,?,HIST1H3E,?
?,?,?,?,?,?,H3C7,?
?,?,?,?,?,?,H3FI,?
?,?,?,?,?,?,HIST1H3F,?
?,?,?,?,?,?,H3C8,?
?,?,?,?,?,?,H3FH,?
?,?,?,?,?,?,HIST1H3G,?
?,?,?,?,?,?,H3C10,?
?,?,?,?,?,?,H3FK,?
?,?,?,?,?,?,HIST1H3H,?
?,?,?,?,?,?,H3C11,?
?,?,?,?,?,?,H3FF,?
?,?,?,?,?,?,HIST1H3I,?
?,?,?,?,?,?,H3C12,?
?,?,?,?,?,?,H3FJ,?
?,?,?,?,?,?,HIST1H3J,?
4WTZ,?,4WTZ,Human CEACAM6-CEACAM8 N-domain heterodimer complex,CELL ADHESION,Homo sapiens,CEACAM6,Carcinoembryonic antigen-related cell adhesion molecule 6
?,?,?,?,?,?,NCA,?
?,?,?,?,?,?,CEACAM6,?
?,?,?,?,?,?,NCA,?
?,?,?,?,?,Homo sapiens,CEACAM8,Carcinoembryonic antigen-related cell adhesion molecule 8
?,?,?,?,?,?,hCG_21882,?
?,?,?,?,?,?,CEACAM8,?
?,?,?,?,?,?,CGM6,?
?,?,?,?,?,Homo sapiens,GLRA1,?
?,?,?,?,?,Homo sapiens,GLRA1,?
4TWP,10.1038/nature14119,4TWP,The crystal structure of human abl1 T315I gatekeeper mutant kinase domain in complex with axitinib,Transferase/Transferase Inhibitor,Homo sapiens,ABL1,Tyrosine-protein kinase ABL1
?,?,?,?,?,?,ABL,?
?,?,?,?,?,?,JTK7,?
?,?,?,?,?,?,ABL1,?
?,?,?,?,?,?,ABL,?
?,?,?,?,?,?,JTK7,?
4UM8,10.1038/nsmb.2905,4UM8,Crystal structure of alpha V beta 6,IMMUNE SYSTEM,Homo sapiens,ITGAV,INTEGRIN ALPHA-V
?,?,?,?,?,?,MSK8,?
?,?,?,?,?,?,VNRA,?
?,?,?,?,?,?,VTNR,?
?,?,?,?,?,Homo sapiens,ITGB6,INTEGRIN BETA-6
4FQG,10.1074/jbc.M113.460238,4FQG,Crystal structure of the TCERG1 FF4-6 tandem repeat domain,TRANSCRIPTION,Homo sapiens,TCERG1,Transcription elongation regulator 1
?,?,?,?,?,?,CA150,?
?,?,?,?,?,?,TAF2S,?
?,?,?,?,?,?,TCERG1,?
?,?,?,?,?,?,CA150,?
?,?,?,?,?,?,TAF2S,?
3IAR,?,3IAR,The crystal structure of human adenosine deaminase,HYDROLASE,Homo sapiens,ADA,Adenosine deaminase
?,?,?,?,?,?,ADA,?
?,?,?,?,?,?,ADA1,?
4RA0,10.1038/nchembio.1636,4RA0,An engineered Axl 'decoy receptor' effectively silences the Gas6-Axl signaling axis,SIGNALING PROTEIN,Homo sapiens,GAS6,Growth arrest-specific protein 6
?,?,?,?,?,?,AXLLG,?
?,?,?,?,?,?,GAS6,?
?,?,?,?,?,?,AXLLG,?
?,?,?,?,?,Homo sapiens,AXL,Tyrosine-protein kinase receptor UFO
?,?,?,?,?,?,UFO,?
?,?,?,?,?,?,AXL,?
?,?,?,?,?,?,UFO,?
?,?,?,?,?,Homo sapiens,TTHA0346,?
?,?,?,?,?,?,FKBP1,?
?,?,?,?,?,?,FKBP12,?
?,?,?,?,?,?,FKBP1A,?
2V24,10.1016/j.jmb.2010.06.017,2V24,Structure of the human SPRY domain-containing SOCS box protein SSB-4,PROTEIN BINDING,Homo sapiens,SPSB4,SPRY DOMAIN-CONTAINING SOCS BOX PROTEIN 4
?,?,?,?,?,?,SSB4,?
2V4B,10.1016/j.jmb.2007.07.047,2V4B,Crystal Structure of Human ADAMTS-1 catalytic Domain and Cysteine- Rich Domain (apo-form),HYDROLASE,Homo sapiens,ADAMTS1,ADAMTS-1
?,?,?,?,?,?,KIAA1346,?
?,?,?,?,?,?,METH1,?
2UUI,10.1038/nature06009,2UUI,Crystal structure of Human Leukotriene C4 Synthase,LYASE,Homo sapiens,LTC4S,LEUKOTRIENE C4 SYNTHASE
8ICL,10.1021/bi9529566,8ICL,DNA POLYMERASE BETA (POL B) (E.C.2.7.7.7) COMPLEXED WITH SEVEN BASE PAIRS OF DNA; SOAKED IN THE PRESENCE OF DATP (1 MILLIMOLAR) AND NICL2 (5 MILLIMOLAR),TRANSFERASE/DNA,?,?,DNA (5'-D(*CP*AP*TP*TP*AP*GP*AP*A)-3')
?,?,?,?,?,?,?,DNA (5'-D(*TP*CP*TP*AP*AP*TP*G)-3')
?,?,?,?,?,Homo sapiens,POLB,PROTEIN (DNA POLYMERASE BETA (E.C.2.7.7.7))
1GNU,10.1074/jbc.M109753200,1GNU,GABA(A) receptor associated protein GABARAP,TRANSPORT,Homo sapiens,GABARAP,GABARAP
?,?,?,?,?,?,FLC3B,?
?,?,?,?,?,?,HT004,?
1H9U,10.1074/jbc.M110869200,1H9U,The structure of the human retinoid-X-receptor beta ligand binding domain in complex with the specific synthetic agonist LG100268,NUCLEAR RECEPTOR,Homo sapiens,RXRB,"RETINOID X RECEPTOR, BETA"
?,?,?,?,?,?,NR2B2,?
?,?,?,?,?,Homo sapiens,RAC1,RAS-RELATED C3 BOTULINUM TOXIN SUBSTRATE 1
?,?,?,?,?,?,TC25,?
?,?,?,?,?,?,MIG5,?
1J3Y,10.1073/pnas.1230629100,1J3Y,Direct observation of photolysis-induced tertiary structural changes in human hemoglobin; Crystal structure of alpha(Fe)-beta(Ni) hemoglobin (laser photolysed),OXYGEN STORAGE/TRANSPORT,Homo sapiens,HBA1,Hemoglobin alpha Chain
?,?,?,?,?,?,HBA2,?
?,?,?,?,?,Homo sapiens,HBB,Hemoglobin beta Chain
2JIH,10.1016/j.jmb.2007.07.047,2JIH,Crystal Structure of Human ADAMTS-1 catalytic Domain and Cysteine- Rich Domain (complex-form),HYDROLASE,Homo sapiens,ADAMTS1,ADAMTS-1
?,?,?,?,?,?,KIAA1346,?
?,?,?,?,?,?,METH1,?
2ILT,10.1016/j.bmcl.2006.10.008,2ILT,Human 11-beta-Hydroxysteroid Dehydrogenase (HSD1) with NADP and Adamantane Sulfone Inhibitor,OXIDOREDUCTASE,Homo sapiens,HSD11B1,Corticosteroid 11-beta-dehydrogenase isozyme 1
?,?,?,?,?,?,HSD11B1,?
?,?,?,?,?,?,HSD11,?
?,?,?,?,?,?,HSD11L,?
?,?,?,?,?,?,SDR26C1,?
2XWJ,10.1126/science.1195821,2XWJ,Crystal Structure of Complement C3b in Complex with Factor B,HYDROLASE,Homo sapiens,C3,COMPLEMENT C3 BETA CHAIN
?,?,?,?,?,?,CPAMD1,?
?,?,?,?,?,Homo sapiens,C3,COMPLEMENT C3 ALPHA CHAIN
?,?,?,?,?,?,CPAMD1,?
?,?,?,?,?,Homo sapiens,CFB,COMPLEMENT FACTOR B
?,?,?,?,?,?,BF,?
?,?,?,?,?,?,BFD,?
2G1L,?,2G1L,Crystal structure of the FHA domain of human kinesin family member C,TRANSPORT PROTEIN,Homo sapiens,KIF1C,Kinesin-like protein KIF1C
?,?,?,?,?,?,KIAA0706,?
?,?,?,?,?,?,KIF1C,?
?,?,?,?,?,?,KIAA0706,?
2GGT,10.1073/pnas.0601375103,2GGT,Crystal structure of human SCO1 complexed with nickel.,CHAPERONE,Homo sapiens,SCO1,"SCO1 protein homolog, mitochondrial"
?,?,?,?,?,?,SCO1,?
?,?,?,?,?,?,SCOD1,?
2GK2,10.1107/S0907444906020737,2GK2,Crystal structure of the N terminal domain of human CEACAM1,CELL ADHESION,Homo sapiens,CEACAM1,Carcinoembryonic antigen-related cell adhesion molecule 1
?,?,?,?,?,?,CEACAM1,?
?,?,?,?,?,?,BGP,?
?,?,?,?,?,?,BGP1,?
2F9M,10.1016/j.jsb.2006.01.007,2F9M,3D structure of active human Rab11b GTPase,HYDROLASE,Homo sapiens,RAB11B,"RAB11B, member RAS oncogene family"
?,?,?,?,?,?,YPT3,?
1RZE,10.1107/S0907444993008790,1RZE,X-RAY ANALYSIS OF METAL SUBSTITUTED HUMAN CARBONIC ANHYDRASE II DERIVATIVES,LYASE(OXO-ACID),Homo sapiens,CA2,CARBONIC ANHYDRASE II
1SK3,10.1074/jbc.M404920200,1SK3,Crystal structure of the C-terminal peptidoglycan-binding domain of human peptidoglycan recognition protein Ialpha,IMMUNE SYSTEM,Homo sapiens,PGRPIA,Peptidoglycan recognition protein I-alpha
?,?,?,?,?,?,PGLYRP3,?
?,?,?,?,?,?,PGRPIA,?
2BDG,10.1016/j.jmb.2006.08.003,2BDG,Human Kallikrein 4 complex with nickel and p-aminobenzamidine,HYDROLASE,Homo sapiens,KLK4,Kallikrein-4
?,?,?,?,?,?,EMSP1,?
?,?,?,?,?,?,PRSS17,?
?,?,?,?,?,?,PSTS,?
?,?,?,?,?,?,KLK4,?
?,?,?,?,?,?,EMSP1,?
?,?,?,?,?,?,PRSS17,?
?,?,?,?,?,?,PSTS,?
2BE6,10.1038/nsmb1027,2BE6,2.0 A crystal structure of the CaV1.2 IQ domain-Ca/CaM complex,MEMBRANE PROTEIN,Homo sapiens,CALM2,Calmodulin 2
?,?,?,?,?,?,CALM1,?
?,?,?,?,?,?,CALM,?
?,?,?,?,?,?,CAM,?
?,?,?,?,?,?,CAM1,?
?,?,?,?,?,Homo sapiens,CACNA1C,Voltage-dependent L-type calcium channel alpha-1C subunit
?,?,?,?,?,?,CACH2,?
?,?,?,?,?,?,CACN2,?
?,?,?,?,?,?,CACNL1A1,?
?,?,?,?,?,?,CCHL1A1,?
?,?,?,?,?,?,CACNA1C,?
?,?,?,?,?,?,CACH2,?
?,?,?,?,?,?,CACN2,?
?,?,?,?,?,?,CACNL1A1,?
?,?,?,?,?,?,CCHL1A1,?
2C5D,10.1038/sj.emboj.7600912,2C5D,Structure of a minimal Gas6-Axl complex,SIGNALING PROTEIN/RECEPTOR,Homo sapiens,GAS6,GROWTH-ARREST-SPECIFIC PROTEIN 6 PRECURSOR
?,?,?,?,?,?,AXLLG,?
?,?,?,?,?,Homo sapiens,AXL,TYROSINE-PROTEIN KINASE RECEPTOR UFO
?,?,?,?,?,?,UFO,?
1TWQ,10.1073/pnas.0407856101,1TWQ,Crystal structure of the C-terminal PGN-binding domain of human PGRP-Ialpha in complex with PGN analog muramyl tripeptide,"IMMUNE SYSTEM, MEMBRANE PROTEIN",Homo sapiens,PGLYRP3,peptidoglycan recognition protein-I-alpha
?,?,?,?,?,?,PGLYRP3,?
?,?,?,?,?,?,PGRPIA,?
?,?,?,?,?,?,?,muramyl tripeptide
1XU1,10.1074/jbc.M411714200,1XU1,The crystal structure of APRIL bound to TACI,"CYTOKINE, HORMONE/GROWTH FACTOR receptor",Mus musculus,Tnfsf13,Tumor necrosis factor ligand superfamily member 13
?,?,?,?,?,?,April,?
?,?,?,?,?,?,Tnfsf13,?
?,?,?,?,?,?,April,?
?,?,?,?,?,Homo sapiens,TNFRSF13B,Tumor necrosis factor receptor superfamily member 13B
?,?,?,?,?,?,TACI,?
?,?,?,?,?,?,TNFRSF13B,?
?,?,?,?,?,?,TACI,?
1JHJ,10.1038/nsb0901-784,1JHJ,Crystal structure of the APC10/Doc1 subunit of the human anaphase-promoting complex,CELL CYCLE,Homo sapiens,ANAPC10,APC10
?,?,?,?,?,?,APC10,?
1JNX,10.1038/nsb1001-838,1JNX,"Crystal structure of the BRCT repeat region from the breast cancer associated protein, BRCA1",GENE REGULATION,Homo sapiens,BRCA1,BREAST CANCER TYPE 1 SUSCEPTIBILITY PROTEIN
?,?,?,?,?,?,BRCA1,?
?,?,?,?,?,?,RNF53,?
3BJ4,10.1074/jbc.M707541200,3BJ4,"The KCNQ1 (Kv7.1) C-terminus, a multi-tiered scaffold for subunit assembly and protein interaction",SIGNALING PROTEIN,Homo sapiens,KCNQ1,Potassium voltage-gated channel subfamily KQT member 1
?,?,?,?,?,?,KCNQ1,?
?,?,?,?,?,?,KCNA8,?
?,?,?,?,?,?,KCNA9,?
?,?,?,?,?,?,KVLQT1,?
2AW2,10.1074/jbc.M507629200,2AW2,Crystal structure of the human BTLA-HVEM complex,IMMUNE SYSTEM,Homo sapiens,BTLA,B and T lymphocyte attenuator
?,?,?,?,?,?,BTLA,?
?,?,?,?,?,Homo sapiens,TNFRSF14,Tumor necrosis factor receptor superfamily member 14
?,?,?,?,?,?,HVEA,?
?,?,?,?,?,?,HVEM,?
?,?,?,?,?,?,TNFRSF14,?
?,?,?,?,?,?,HVEA,?
?,?,?,?,?,?,HVEM,?
?,?,?,?,?,?,UNQ329/PRO509,?
4IC3,10.1042/BJ20121702,4IC3,Crystal structure of the F495L mutant XIAP RING domain,LIGASE,Homo sapiens,API3,E3 ubiquitin-protein ligase XIAP
?,?,?,?,?,?,BIR4,?
?,?,?,?,?,?,IAP3,?
?,?,?,?,?,?,XIAP,?
?,?,?,?,?,?,XIAP,?
?,?,?,?,?,?,API3,?
?,?,?,?,?,?,BIRC4,?
?,?,?,?,?,?,IAP3,?
4IDZ,10.1021/jm400193d,4IDZ,Crystal structure of the human fat mass and obesity associated protein (FTO) in complex with N-oxalylglycine (NOG),OXIDOREDUCTASE/OXIDOREDUCTASE INHIBITOR,Homo sapiens,FTO,Alpha-ketoglutarate-dependent dioxygenase FTO
?,?,?,?,?,?,KIAA1752,?
?,?,?,?,?,?,FTO,?
?,?,?,?,?,?,KIAA1752,?
2D58,10.1016/j.jmb.2006.09.027,2D58,Human microglia-specific protein Iba1,METAL BINDING PROTEIN,Homo sapiens,AIF1,Allograft inflammatory factor 1
?,?,?,?,?,?,G1,?
?,?,?,?,?,?,IBA1,?
2C9H,?,2C9H,Structure of mitochondrial beta-ketoacyl synthase,TRANSFERASE,Homo sapiens,OXSM,MITOCHONDRIAL BETA-KETOACYL SYNTHASE
2C9W,10.1073/pnas.0601638103,2C9W,CRYSTAL STRUCTURE OF SOCS-2 IN COMPLEX WITH ELONGIN-B AND ELONGIN-C AT 1.9A RESOLUTION,TRANSCRIPTION REGULATION,Homo sapiens,SOCS2,SUPPRESSOR OF CYTOKINE SIGNALING 2
?,?,?,?,?,?,CIS2,?
?,?,?,?,?,?,SSI2,?
?,?,?,?,?,?,STATI2,?
?,?,?,?,?,Homo sapiens,ELOB,TRANSCRIPTION ELONGATION FACTOR B POLYPEPTIDE 2
?,?,?,?,?,?,TCEB2,?
?,?,?,?,?,Homo sapiens,ELOC,TRANSCRIPTION ELONGATION FACTOR B POLYPEPTIDE 1
?,?,?,?,?,?,TCEB1,?
2CFV,10.1016/j.cell.2008.11.038,2CFV,Crystal structure of human protein tyrosine phosphatase receptor type J,HYDROLASE,Homo sapiens,PTPRJ,HUMAN PROTEIN TYROSINE PHOSPHATASE RECEPTOR TYPE J
?,?,?,?,?,?,DEP1,?
1XMK,10.1016/j.jmb.2005.06.028,1XMK,The Crystal structure of the Zb domain from the RNA editing enzyme ADAR1,HYDROLASE,Homo sapiens,ADAR,Double-stranded RNA-specific adenosine deaminase
?,?,?,?,?,?,ADAR1,?
?,?,?,?,?,?,DSRAD,?
?,?,?,?,?,?,IFI4,?
?,?,?,?,?,?,ADAR,?
?,?,?,?,?,?,ADAR1,?
?,?,?,?,?,?,DSRAD,?
?,?,?,?,?,?,G1P1,?
?,?,?,?,?,?,IFI4,?
1ZQR,10.1021/bi960790i,1ZQR,"DNA POLYMERASE BETA (E.C.2.7.7.7)/DNA COMPLEX, SOAKED IN THE PRESENCE OF NICL2",TRANSFERASE/DNA,?,?,DNA (5'-D(*CP*AP*TP*TP*AP*GP*AP*A)-3')
?,?,?,?,?,?,?,DNA (5'-D(*TP*CP*TP*AP*AP*TP*G)-3')
?,?,?,?,?,Homo sapiens,POLB,PROTEIN (DNA POLYMERASE BETA (E.C.2.7.7.7))
2ARP,10.1038/sj.emboj.7601000,2ARP,Activin A in complex with Fs12 fragment of follistatin,HORMONE/GROWTH FACTOR,Homo sapiens,INHBA,Inhibin beta A chain
?,?,?,?,?,?,INHBA,?
2EAQ,?,2EAQ,"Crystal structure of PDZ domain of KIAA0858 (LIM), MS0793 from Homo sapiens",METAL BINDING PROTEIN,Homo sapiens,LMO7,LIM domain only protein 7
?,?,?,?,?,?,FBX20,?
?,?,?,?,?,?,FBXO20,?
?,?,?,?,?,?,KIAA0858,?
?,?,?,?,?,?,LMO7,?
?,?,?,?,?,?,FBX20,?
?,?,?,?,?,?,FBXO20,?
?,?,?,?,?,?,KIAA0858,?
2EAV,10.1073/pnas.0701453104,2EAV,Crystal structure of the C-terminal peptidoglycan-binding domain of human peptidoglycan recognition protein Ibeta,SUGAR BINDING PROTEIN,Homo sapiens,PGRPIB,Peptidoglycan recognition protein-I-beta
?,?,?,?,?,?,PGLYRP4,?
?,?,?,?,?,?,PGRPIB,?
?,?,?,?,?,?,SBBI67,?
